station,cluster,n_bins,anomaly_count,anomaly_freq,anomaly_days_ratio,mean_anomaly_score,max_anomaly_score,train_loss,val_loss,n_train_windows
3S Center Bagbaguin,B_candidate,78732,750,0.009525986892242036,0.010958904109589041,1.0296123849948318,1.0788577859870923,0.008692249655723572,0.005613090004771948,8000
3S Center Paso De Blas,B_candidate,78732,736,0.009348168470253519,0.010958904109589041,1.0278414571730141,1.0714337005523762,0.004715146031230688,0.0020154376979917288,8000
3S Center Ugong,B_candidate,78732,717,0.009106843468983387,0.010958904109589041,1.018177473945713,1.0436925028931672,0.007998890243470669,0.003941381350159645,8000
ASMPH,A_high_freq,78732,791,0.010046740842351267,0.011872146118721462,1.0496058764689915,1.1026387390855978,0.0061624436639249325,0.0020228063222020864,8000
Along Shaw Blvd.,A_high_freq,78732,676,0.008586089518874155,0.01004566210045662,1.0539837821090565,1.118180686485737,0.004374580457806587,0.003753914264962077,8000
Anda Circle,A_high_freq,78732,484,0.006147436874460194,0.0073059360730593605,1.0439560114275086,1.086717296413604,0.011328831315040588,0.008803777396678925,8000
Aurora Boulevard (Tramo) - Andrews Avenue,B_candidate,78732,801,0.010173754000914494,0.011872146118721462,1.03340928993256,1.0722526358090763,0.0022913238499313593,0.0017834637546911836,8000
Ayala Ave.,A_high_freq,78732,624,0.007925621094345374,0.0091324200913242,1.0229356492173205,1.1668771354860568,0.011001608334481716,0.009002226404845715,8000
Barangay Buli - Concepcion Street,B_candidate,78732,655,0.008319361885891378,0.01004566210045662,1.0647912254631637,1.0802023010708752,0.010952805168926716,0.0050476305186748505,8000
Barangay Fortune - Santan Street,B_candidate,78732,778,0.009881623736219073,0.011872146118721462,1.0256060944808405,1.0694978925668566,0.004749173764139414,0.00294308690354228,8000
Barangay San Antonio - Parañaque-Sucat Road (Shopwise),B_candidate,78732,818,0.010389676370471982,0.0136986301369863,1.0404031114844963,1.0919168485744666,0.004687863867729902,0.003078768029808998,8000
Barangay San Rafael Hall,B_candidate,78732,793,0.010072143474063914,0.0136986301369863,1.019648764552577,1.0500369259904443,0.0019552349112927914,0.0014645237242802978,8000
Barangay Tambo - Quirino Avenue,B_candidate,78732,782,0.009932428999644364,0.010958904109589041,1.0414376936436383,1.081438345924843,0.0046331691555678844,0.003427795832976699,8000
Barangay Tanza 2 Hall,B_candidate,78732,681,0.008649596098155769,0.010958904109589041,1.0982034306065929,1.127387661132636,0.01152719184756279,0.007450987119227648,8000
Barangay Tunasan - Maharlika Highway (SM Center Muntinlupa),B_candidate,78732,1044,0.013260173754000914,0.015525114155251141,1.0396013676852602,1.070322416978508,0.008542186580598354,0.0031537029426544905,8000
Bataan Tourism Park,A_high_freq,78732,684,0.008687700045724738,0.010958904109589041,1.091590128429239,1.093645937407136,0.011015918105840683,0.005005601793527603,8000
"Bo. Luz Barangay Hall, Limay",A_high_freq,78732,615,0.007811309251638469,0.0091324200913242,1.0557396498252234,1.0954231911562107,0.003206126391887665,0.0030207079835236073,8000
Boni Serrano,A_high_freq,78732,378,0.004801097393689987,0.006392694063926941,1.086584816560614,1.1034583760228165,0.01291766669601202,0.006291395053267479,8000
Bradco Ave. cor Macapagal,A_high_freq,78732,931,0.011824925062236447,0.015525114155251141,1.0571796143823642,1.231416876863882,0.006738754455000162,0.006824309006333351,8000
Brgy. Ambassador,C_hourly,78732,883,0.011215261901132957,0.0136986301369863,1.0323569504781527,1.057660932488152,0.010140401311218739,0.0020483513362705708,8000
"Brgy. Benedicto, Jaro, Iloilo",C_hourly,78732,0,0.0,0.0,0.0,1.0387396165726894,0.0017169038765132427,0.001414413913153112,8000
C3 Road (5th Avenue) - Rizal Avenue Extension,B_candidate,78732,666,0.008459076360310928,0.01004566210045662,1.0280568908062324,1.0604980023520323,0.004741279873996973,0.0018668979173526168,8000
Caloocan Sports Complex,B_candidate,78732,764,0.009703805314230554,0.010958904109589041,1.0207946619102846,1.0851139256287778,0.002986028091982007,0.002319202059879899,8000
Demo Unit 1,B_candidate,78732,121,0.0015368592186150486,0.0036529680365296802,1.007196861710998,1.090376103708829,0.003350498154759407,0.003065261757001281,8000
Demo Unit 2,A_high_freq,78732,4,5.080526342529086e-05,0.0009132420091324201,1.0090293712225777,1.07853962898577,0.0023432655725628138,0.0021340777166187763,8000
Demo Unit 4,A_high_freq,78732,42,0.000533455265965554,0.0027397260273972603,1.0311640211808124,1.0533775791176445,0.0011626610066741705,0.001570406835526228,8000
Gen. Luna St. corner Gov. Pascual Ave.,B_candidate,78732,530,0.006731697403851039,0.0091324200913242,1.0701372858560716,1.0722165264101309,0.010364042595028877,0.0058307587169110775,8000
Illumina,C_hourly,78732,816,0.010364273738759335,0.014611872146118721,1.0124518391019148,1.038036059255286,0.006484312005341053,0.002059313002973795,8000
J.P. Rizal Avenue corner Camia,B_candidate,78732,728,0.009246557943402936,0.010958904109589041,1.056398897355649,1.0903908508481401,0.007386703975498676,0.004409572575241327,8000
J.P. Rizal Avenue corner Pertierra,B_candidate,78732,769,0.009767311893512168,0.010958904109589041,1.0301794220411722,1.0711978444250823,0.004658504389226437,0.0025672330521047115,8000
Kalayaan Avenue  - South Avenue Intersection,B_candidate,78732,780,0.009907026367931717,0.010958904109589041,1.0222026236523976,1.0643023040810855,0.0033779770601540804,0.001794373500160873,8000
"Lamao, Limay",A_high_freq,78732,488,0.006198242137885485,0.0073059360730593605,1.055306652342078,1.0870875504124358,0.002813666593283415,0.0025492149870842695,8000
MNHS AQ Station,B_candidate,78732,717,0.009106843468983387,0.012785388127853882,1.0130422041280107,1.0492178803942833,0.00417145574465394,0.0017611332004889846,8000
Makati Avenue  - Antonio Arnaiz Avenue Intersection,B_candidate,78732,768,0.009754610577655845,0.012785388127853882,1.0455980074151074,1.102753436512969,0.004054476972669363,0.0033827051520347595,8000
Makati Avenue - Buendia Avenue Intersection,B_candidate,78732,716,0.009094142153127064,0.010958904109589041,1.0237831975462655,1.0626358377941318,0.0024153979029506445,0.001868498045951128,8000
Malabon Action Center,B_candidate,78732,987,0.01253619875019052,0.015525114155251141,1.031950437137283,1.0874253803211469,0.0067047178745269775,0.00444105314090848,8000
Mandaluyong City,A_high_freq,78732,619,0.00786211451506376,0.010958904109589041,1.0355389587476433,1.1338286523250536,0.005747952964156866,0.0041074808686971664,8000
Mandaluyong Elementary School,B_candidate,78732,776,0.009856221104506426,0.011872146118721462,1.0219415025961658,1.0570396696357656,0.00344141386449337,0.002176502486690879,8000
Manila Observatory,C_hourly,78732,993,0.012612406645328455,0.015525114155251141,1.0158944366405414,1.0677788156425436,0.005346283316612244,0.0030508888885378838,8000
Marikina Sports Complex,B_candidate,78732,937,0.011901132957374385,0.0136986301369863,1.066321740354009,1.088039413221823,0.009492810815572739,0.006960383150726557,8000
"Monumento, Caloocan",A_high_freq,78732,708,0.008992531626276482,0.0091324200913242,1.0387968099949496,1.1195845479327782,0.003046108642593026,0.0033592148683965206,8000
NASA GSFC Rutgers Calib. N12,B_candidate,78732,20,0.0002540263171264543,0.0009132420091324201,1.0085552731891463,1.0620821860688763,0.0025982740335166454,0.0014642052119597793,8000
"Near Katipunan Ave., Quezon City",A_high_freq,78732,708,0.008992531626276482,0.0091324200913242,1.0504162795465293,1.1526849404778263,0.004756376147270203,0.004249962046742439,8000
Near Puregold Tayuman,A_high_freq,78732,514,0.006528476350149875,0.00821917808219178,1.0656669092517568,1.1383771181574112,0.009958037175238132,0.007983719930052757,8000
Near Sucat Interchange/Exit,A_high_freq,78732,744,0.0094497789971041,0.010958904109589041,1.1217362104868513,1.1259170818917732,0.015565273351967335,0.009641988202929497,8000
North Caloocan Nova Romania - Alora (download airgradient mobile app for realtime data),C_hourly,78732,920,0.011685210587816897,0.012785388127853882,1.0354164448309278,1.0747620046765636,0.009555811062455177,0.006497938185930252,8000
Old Wack Wack Road corner Shaw Boulevard,B_candidate,78732,1013,0.01286643296245491,0.014611872146118721,1.0828895662831677,1.0972863735880323,0.013952088542282581,0.005664889235049486,8000
Ortigas,B_candidate,78732,4,5.080526342529086e-05,0.0009132420091324201,1.009097741696337,1.103317316054759,0.0025039815809577703,0.0027019637636840343,8000
Ortigas Avenue-Roosevelt Intersection,B_candidate,78732,1285,0.01632119087537469,0.02009132420091324,1.0440811454877241,1.0776223843511898,0.01196554210036993,0.002682324731722474,8000
Pateros Bridge,B_candidate,78732,828,0.010516689529035207,0.011872146118721462,1.0266743088133727,1.050828256921982,0.004906601272523403,0.0017325254157185555,8000
Pinya Farm,C_hourly,78732,711,0.00903063557384545,0.01004566210045662,1.0316591710728853,1.0814585778676271,0.003605747129768133,0.0019429215462878346,8000
President Roxas,C_hourly,78732,619,0.00786211451506376,0.0091324200913242,1.0070885086347932,1.026131923663262,0.01220299955457449,0.009867730550467968,8000
"Quezon Rd, San Simon",B_candidate,78732,15,0.00019051973784484072,0.0009132420091324201,1.0111357928936786,1.237656903384319,0.019016707316040993,0.01919953152537346,8000
Rajah Sulayman Park,A_high_freq,78732,427,0.0054234618706498,0.006392694063926941,1.0154339815948108,1.1150790110998532,0.008779708296060562,0.006693661212921143,8000
STRC,C_hourly,78732,738,0.009373571101966164,0.01004566210045662,1.0410529282530636,1.061370421525067,0.003424696158617735,0.0026636840775609016,8000
Samal Municipal Hall,A_high_freq,78732,682,0.008662297414012091,0.010958904109589041,1.062980817726285,1.1964438640408976,0.005332239903509617,0.004707850981503725,8000
San Juan Mini Park,B_candidate,78732,756,0.009602194787379973,0.010958904109589041,1.0567662535345557,1.0951083111652808,0.008089305832982063,0.005975079722702503,8000
San Sebastian Residences,A_high_freq,78732,516,0.006553878981862521,0.00821917808219178,1.0316383899652217,1.0675519610747253,0.006947197485715151,0.004709864966571331,8000
Santa Clara - Pasay City General Hospital,B_candidate,78732,736,0.009348168470253519,0.010958904109589041,1.0259570326413865,1.0496281206997198,0.00244906242005527,0.0015229482669383287,8000
Sta. Ana Hospital,A_high_freq,78732,486,0.006172839506172839,0.0073059360730593605,1.06803124859057,1.1488293576516662,0.012814904563128948,0.011403718963265419,8000
Sto. Rosario Bridge,B_candidate,78732,758,0.009627597419092618,0.010958904109589041,1.0322100859869028,1.0799979422744772,0.010204892605543137,0.003492991905659437,8000
Tagaytay (Neogan),C_hourly,78732,298,0.003784992125184169,0.0045662100456621,1.0086991945975974,1.0594372844493256,0.010749672539532185,0.007990331389009953,8000
Tivoli,C_hourly,78732,691,0.008776609256718996,0.01004566210045662,1.0176748906874071,1.0523767949601321,0.00805661827325821,0.005193054676055908,8000
Unnamed (DNVBA1576 → AL739RG7),B_candidate,78732,788,0.0100086368947823,0.011872146118721462,1.0348349670378494,1.0937897163379255,0.00328244362026453,0.0028892054688185453,8000
Valenzuela CENRO (ARCA North),B_candidate,78732,759,0.00964029873494894,0.010958904109589041,1.0300876554492024,1.0839550759230276,0.0037507875822484493,0.00306001421995461,8000
Valle1,C_hourly,78732,672,0.008535284255448864,0.0091324200913242,1.021371227555811,1.108383307920457,0.0034532840363681316,0.0013714918168261647,8000
World Trade Center,B_candidate,78732,781,0.00991972768378804,0.010958904109589041,1.0423514533917522,1.1074082320409977,0.0050412798300385475,0.004532212857156992,8000
