station,cluster,n_bins,anomaly_count,anomaly_freq,anomaly_days_ratio,mean_anomaly_score,max_anomaly_score,train_loss,val_loss,n_train_windows,downtime_ratio,max_continuous_downtime_hours,total_downtime_hours,fft_energy,fft_max_amp,fft_spectral_entropy,rmse_20min,rmse_1h,predicted_risk_score,health_tier
Boni Serrano,A_high_freq,78732,378,0.004801097393689987,0.006392694063926941,1.086584816560614,1.1034583760228165,0.01291766669601202,0.006291395053267479,8000,0.5828106085616815,735.5386666666667,1845.0026666666672,9838505930.918255,5156.885230492756,9.002897529557522,0.0,3.1275456431187756,0.6485730171957135,CRITICAL_OFFLINE
Ortigas Avenue-Roosevelt Intersection,B_candidate,78732,1285,0.01632119087537469,0.02009132420091324,1.0440811454877241,1.0776223843511898,0.01196554210036993,0.002682324731722474,8000,0.2857488507137672,22.045833333333334,2021.3041666666666,79026276626.40755,21808.746176380846,8.591219971496342,0.0,3.898711061286138,0.6398900903997122,CRITICAL_OFFLINE
Malabon Action Center,B_candidate,78732,987,0.01253619875019052,0.015525114155251141,1.031950437137283,1.0874253803211469,0.0067047178745269775,0.00444105314090848,8000,0.28634575217370184,21.713833333333334,2021.0589999999997,285605624156.5261,66641.96105833081,9.049909995397389,0.0,11.797063089569832,0.5587012808272109,CRITICAL_OFFLINE
Barangay Tunasan - Maharlika Highway (SM Center Muntinlupa),B_candidate,78732,1044,0.013260173754000914,0.015525114155251141,1.0396013676852602,1.070322416978508,0.008542186580598354,0.0031537029426544905,8000,0.28601549475335886,22.05,1996.3,82508648685.94286,49566.94221815612,8.466652484444177,0.0,4.966031177496491,0.5556760795011907,CRITICAL_OFFLINE
Old Wack Wack Road corner Shaw Boulevard,B_candidate,78732,1013,0.01286643296245491,0.014611872146118721,1.0828895662831677,1.0972863735880323,0.013952088542282581,0.005664889235049486,8000,0.28313431362873775,22.050833333333333,1971.2483333333332,80810955535.39796,20770.102264745175,8.522328340481975,0.0,3.3765273631887673,0.5467634381333105,CRITICAL_OFFLINE
Marikina Sports Complex,B_candidate,78732,937,0.011901132957374385,0.0136986301369863,1.066321740354009,1.088039413221823,0.009492810815572739,0.006960383150726557,8000,0.3009110021023126,22.041666666666668,2178.2083333333335,105066762537.95624,27231.096449715526,8.789375094620922,0.0,5.107670548437504,0.5377997198182206,CRITICAL_OFFLINE
Bradco Ave. cor Macapagal,A_high_freq,78732,931,0.011824925062236447,0.015525114155251141,1.0571796143823642,1.231416876863882,0.006738754455000162,0.006824309006333351,8000,0.29268968063503786,21.872,1192.725333333333,18612743200.63405,10866.321646426537,8.428473253610692,0.0,2.381637334918285,0.5369269222065849,CRITICAL_OFFLINE
MNHS AQ Station,B_candidate,78732,717,0.009106843468983387,0.012785388127853882,1.0130422041280107,1.0492178803942833,0.00417145574465394,0.0017611332004889846,8000,0.33303011442524055,22.044500000000003,2370.940666666667,110465040082.20767,17840.912798282046,9.825150575281526,0.0,9.713016190390976,0.5219605263307443,CRITICAL_OFFLINE
Barangay San Rafael Hall,B_candidate,78732,793,0.010072143474063914,0.0136986301369863,1.019648764552577,1.0500369259904443,0.0019552349112927914,0.0014645237242802978,8000,0.28731594649215664,22.044500000000003,2041.9583333333333,131578153390.56104,24542.08485283133,9.217765691263505,0.0,7.694932129373491,0.5100767550767251,CRITICAL_OFFLINE
Barangay San Antonio - Parañaque-Sucat Road (Shopwise),B_candidate,78732,818,0.010389676370471982,0.0136986301369863,1.0404031114844963,1.0919168485744666,0.004687863867729902,0.003078768029808998,8000,0.28527803772841454,22.0505,1990.4281666666661,42255891514.23857,22555.463364471314,8.805795245510675,0.0,3.916437794025469,0.5057363718959543,CRITICAL_OFFLINE
Ayala Ave.,A_high_freq,78732,624,0.007925621094345374,0.0091324200913242,1.0229356492173205,1.1668771354860568,0.011001608334481716,0.009002226404845715,8000,0.4715703260355961,27.87366666666667,1089.0800000000002,11114296536.928268,9760.025647489898,8.383307829168489,0.0,2.3596690514265997,0.5036222460810745,CRITICAL_OFFLINE
Pateros Bridge,B_candidate,78732,828,0.010516689529035207,0.011872146118721462,1.0266743088133727,1.050828256921982,0.004906601272523403,0.0017325254157185555,8000,0.29294747312082603,22.042166666666667,2111.471333333333,116615196659.44885,35552.85264710186,8.99018325218198,0.0,6.381669450087248,0.500820907894189,CRITICAL_OFFLINE
Near Puregold Tayuman,A_high_freq,78732,514,0.006528476350149875,0.00821917808219178,1.0656669092517568,1.1383771181574112,0.009958037175238132,0.007983719930052757,8000,0.4853962515459994,27.5405,1859.9778333333336,28956232357.743443,14377.362912612607,8.797386552394936,0.0,4.036537145158825,0.4950366730575867,CRITICAL_OFFLINE
Mandaluyong Elementary School,B_candidate,78732,776,0.009856221104506426,0.011872146118721462,1.0219415025961658,1.0570396696357656,0.00344141386449337,0.002176502486690879,8000,0.2890812185223216,22.0505,2009.4988333333329,98037994603.73364,30134.66495738519,9.220067438685467,0.0,6.91526819510249,0.49401656245499154,CRITICAL_OFFLINE
Kalayaan Avenue  - South Avenue Intersection,B_candidate,78732,780,0.009907026367931717,0.010958904109589041,1.0222026236523976,1.0643023040810855,0.0033779770601540804,0.001794373500160873,8000,0.29509582863585115,22.040333333333333,2139.9089999999997,118197179719.07616,36723.24758521413,9.301706550868651,0.0,8.236462278018083,0.4926164338392492,CRITICAL_OFFLINE
San Sebastian Residences,A_high_freq,78732,516,0.006553878981862521,0.00821917808219178,1.0316383899652217,1.0675519610747253,0.006947197485715151,0.004709864966571331,8000,0.482729089351984,27.540833333333335,1850.1525000000004,25793096807.981876,13533.469073702112,8.826563850214852,0.0,3.935158165650516,0.49192489222242086,CRITICAL_OFFLINE
Aurora Boulevard (Tramo) - Andrews Avenue,B_candidate,78732,801,0.010173754000914494,0.011872146118721462,1.03340928993256,1.0722526358090763,0.0022913238499313593,0.0017834637546911836,8000,0.28651603142843196,21.71466666666667,2010.5653333333332,56089227190.43875,17469.43528068515,8.934381103554852,0.0,4.5620440800169035,0.4917528591829125,CRITICAL_OFFLINE
Near Sucat Interchange/Exit,A_high_freq,78732,744,0.0094497789971041,0.010958904109589041,1.1217362104868513,1.1259170818917732,0.015565273351967335,0.009641988202929497,8000,0.3306698234191575,12.875,1254.625,19427454731.174316,11863.613155847244,8.52161515870252,0.0,2.8910761676791026,0.4889548047400716,CRITICAL_OFFLINE
Makati Avenue  - Antonio Arnaiz Avenue Intersection,B_candidate,78732,768,0.009754610577655845,0.012785388127853882,1.0455980074151074,1.102753436512969,0.004054476972669363,0.0033827051520347595,8000,0.2847042761714369,22.047833333333333,2001.0263333333335,48999249335.73499,16265.781805118258,8.674392109215093,0.0,3.197775998915667,0.486304140072077,CRITICAL_OFFLINE
Barangay Tambo - Quirino Avenue,B_candidate,78732,782,0.009932428999644364,0.010958904109589041,1.0414376936436383,1.081438345924843,0.0046331691555678844,0.003427795832976699,8000,0.28640327373702923,22.048333333333336,2011.2616666666665,63353939059.88243,22281.884390183597,9.05352942408306,0.0,5.41940982676374,0.4848409712157963,CRITICAL_OFFLINE
Unnamed (DNVBA1576 → AL739RG7),B_candidate,78732,788,0.0100086368947823,0.011872146118721462,1.0348349670378494,1.0937897163379255,0.00328244362026453,0.0028892054688185453,8000,0.28856536829926727,22.045,2049.2050000000004,114277378848.63889,28577.650808260198,8.659867435296741,0.0,4.830853103265428,0.4840024642753187,CRITICAL_OFFLINE
Valenzuela CENRO (ARCA North),B_candidate,78732,759,0.00964029873494894,0.010958904109589041,1.0300876554492024,1.0839550759230276,0.0037507875822484493,0.00306001421995461,8000,0.29305488768290167,21.715833333333332,1461.616666666667,106688741603.93613,23309.678531303663,8.983914577501805,0.0,7.4741488470196895,0.4806723606253835,CRITICAL_OFFLINE
Barangay Fortune - Santan Street,B_candidate,78732,778,0.009881623736219073,0.011872146118721462,1.0256060944808405,1.0694978925668566,0.004749173764139414,0.00294308690354228,8000,0.2859526029144792,22.049500000000002,1999.0203333333336,90441426842.31895,33723.53025641992,8.638667190847773,0.0,4.332524548808905,0.47950664468951365,CRITICAL_OFFLINE
Sta. Ana Hospital,A_high_freq,78732,486,0.006172839506172839,0.0073059360730593605,1.06803124859057,1.1488293576516662,0.012814904563128948,0.011403718963265419,8000,0.4852983157293749,28.208666666666666,1859.8386666666663,20269361161.034897,12405.002356304009,8.646529608123199,0.0,2.6634308665433872,0.47944808756410134,CRITICAL_OFFLINE
Sto. Rosario Bridge,B_candidate,78732,758,0.009627597419092618,0.010958904109589041,1.0322100859869028,1.0799979422744772,0.010204892605543137,0.003492991905659437,8000,0.2910827117677799,22.041999999999998,2093.2166666666662,109393534332.05176,34236.3477549637,8.951759977877451,0.0,6.263604196560613,0.4791293068192815,CRITICAL_OFFLINE
J.P. Rizal Avenue corner Pertierra,B_candidate,78732,769,0.009767311893512168,0.010958904109589041,1.0301794220411722,1.0711978444250823,0.004658504389226437,0.0025672330521047115,8000,0.2842428975885971,22.048000000000002,1995.8986666666667,69974030461.22485,27531.040454467107,8.982008532161649,0.0,5.283880808163359,0.47870101295286216,CRITICAL_OFFLINE
Anda Circle,A_high_freq,78732,484,0.006147436874460194,0.0073059360730593605,1.0439560114275086,1.086717296413604,0.011328831315040588,0.008803777396678925,8000,0.4852521408182683,27.876166666666666,1860.6864999999996,22099491185.440968,13330.81215312079,8.687768231393138,0.0,3.0668079051024013,0.47781436775886793,CRITICAL_OFFLINE
Santa Clara - Pasay City General Hospital,B_candidate,78732,736,0.009348168470253519,0.010958904109589041,1.0259570326413865,1.0496281206997198,0.00244906242005527,0.0015229482669383287,8000,0.2841477491342824,22.043833333333335,2019.967,199213856953.1921,60044.07655338252,9.203683882685493,0.0,11.485657293118397,0.477671743641606,CRITICAL_OFFLINE
World Trade Center,B_candidate,78732,781,0.00991972768378804,0.010958904109589041,1.0423514533917522,1.1074082320409977,0.0050412798300385475,0.004532212857156992,8000,0.28800936269815935,22.037166666666668,1831.8845000000001,55637464956.916245,18131.873932342285,8.677984214256345,0.0,3.8122105804904534,0.4764422965766752,CRITICAL_OFFLINE
Caloocan Sports Complex,B_candidate,78732,764,0.009703805314230554,0.010958904109589041,1.0207946619102846,1.0851139256287778,0.002986028091982007,0.002319202059879899,8000,0.28619017292901583,22.049666666666667,2003.707,152731110018.92352,39464.86640063961,8.867481393856249,0.0,6.977010458785044,0.475342911873548,CRITICAL_OFFLINE
3S Center Bagbaguin,B_candidate,78732,750,0.009525986892242036,0.010958904109589041,1.0296123849948318,1.0788577859870923,0.008692249655723572,0.005613090004771948,8000,0.28774579512577847,22.050333333333334,2007.6269999999997,110550770022.54913,30055.799621564725,8.919068178009088,0.0,6.07590930299664,0.47513130333808984,CRITICAL_OFFLINE
Barangay Tanza 2 Hall,B_candidate,78732,681,0.008649596098155769,0.010958904109589041,1.0982034306065929,1.127387661132636,0.01152719184756279,0.007450987119227648,8000,0.28766006426550284,22.04416666666667,2050.983333333333,197090773778.0596,37086.177829229964,9.180711618942732,0.0,9.757704125066793,0.4743696837785239,CRITICAL_OFFLINE
3S Center Ugong,B_candidate,78732,717,0.009106843468983387,0.010958904109589041,1.018177473945713,1.0436925028931672,0.007998890243470669,0.003941381350159645,8000,0.29649279308887744,22.0405,2152.2450000000003,127070469221.71854,26933.977170628994,8.99879283196262,0.0,6.302674472402871,0.4734251886802035,CRITICAL_OFFLINE
3S Center Paso De Blas,B_candidate,78732,736,0.009348168470253519,0.010958904109589041,1.0278414571730141,1.0714337005523762,0.004715146031230688,0.0020154376979917288,8000,0.28655660377358494,22.050333333333334,2001.0419999999997,114920928547.39233,27826.316920660684,8.910119604839203,0.0,6.173401711558943,0.4715420740834152,CRITICAL_OFFLINE
Along Shaw Blvd.,A_high_freq,78732,676,0.008586089518874155,0.01004566210045662,1.0539837821090565,1.118180686485737,0.004374580457806587,0.003753914264962077,8000,0.33175728920409775,12.875333333333334,1260.5953333333334,17121411187.315008,10089.058441308085,8.792700709018998,0.0,3.410520711548881,0.46978228003568534,CRITICAL_OFFLINE
San Juan Mini Park,B_candidate,78732,756,0.009602194787379973,0.010958904109589041,1.0567662535345557,1.0951083111652808,0.008089305832982063,0.005975079722702503,8000,0.28819360748204215,22.045333333333335,2040.6666666666672,77903904746.89919,23122.59760915813,8.491001396867539,0.0,3.3864119495014053,0.4685828455848227,CRITICAL_OFFLINE
J.P. Rizal Avenue corner Camia,B_candidate,78732,728,0.009246557943402936,0.010958904109589041,1.056398897355649,1.0903908508481401,0.007386703975498676,0.004409572575241327,8000,0.2852322738386308,22.048333333333336,2000.353333333333,51922816205.625,17453.294610954184,8.6771308249454,0.0,3.6298029324413474,0.4661533784631598,CRITICAL_OFFLINE
Bataan Tourism Park,A_high_freq,78732,684,0.008687700045724738,0.010958904109589041,1.091590128429239,1.093645937407136,0.011015918105840683,0.005005601793527603,8000,0.3305406721870433,12.873666666666667,1268.862,19643106509.795837,17810.46926480024,8.108516589549131,0.0,1.8196080324798813,0.46470109657105335,CRITICAL_OFFLINE
Makati Avenue - Buendia Avenue Intersection,B_candidate,78732,716,0.009094142153127064,0.010958904109589041,1.0237831975462655,1.0626358377941318,0.0024153979029506445,0.001868498045951128,8000,0.2854277747884362,22.048833333333334,1999.0649999999998,54958374478.02608,16534.656985799567,8.796578522805854,0.0,3.917722471742845,0.46385261480394135,CRITICAL_OFFLINE
C3 Road (5th Avenue) - Rizal Avenue Extension,B_candidate,78732,666,0.008459076360310928,0.01004566210045662,1.0280568908062324,1.0604980023520323,0.004741279873996973,0.0018668979173526168,8000,0.2952304571401614,22.041999999999998,2133.9279999999994,89426805678.18768,23532.101914056308,9.122302234053034,0.0,6.05705644505052,0.4598089650273634,CRITICAL_OFFLINE
Mandaluyong City,A_high_freq,78732,619,0.00786211451506376,0.010958904109589041,1.0355389587476433,1.1338286523250536,0.005747952964156866,0.0041074808686971664,8000,0.31854072963518243,11.541666666666666,1211.5,28659360334.708843,18099.297512800775,8.86341595300475,0.0,4.9126449634454366,0.459629913240032,CRITICAL_OFFLINE
Brgy. Ambassador,C_hourly,78732,883,0.011215261901132957,0.0136986301369863,1.0323569504781527,1.057660932488152,0.010140401311218739,0.0020483513362705708,8000,0.08742415885273025,231.0,782.0,164325065591.60272,63305.713247746186,8.067169813946794,0.0,0.0,0.4581049358350831,OCCASIONAL_OUTAGES
Rajah Sulayman Park,A_high_freq,78732,427,0.0054234618706498,0.006392694063926941,1.0154339815948108,1.1150790110998532,0.008779708296060562,0.006693661212921143,8000,0.47355630135400995,27.540000000000003,1493.3733333333334,15082234070.416718,11689.111735088092,8.482840986527064,0.0,2.020482373279234,0.4473462217554415,CRITICAL_OFFLINE
"Bo. Luz Barangay Hall, Limay",A_high_freq,78732,615,0.007811309251638469,0.0091324200913242,1.0557396498252234,1.0954231911562107,0.003206126391887665,0.0030207079835236073,8000,0.33206775700934577,13.206666666666667,1274.6399999999999,20019126350.41362,12309.340993291438,8.5510785591164,0.0,3.130457166144983,0.4457121311797615,CRITICAL_OFFLINE
"Monumento, Caloocan",A_high_freq,78732,708,0.008992531626276482,0.0091324200913242,1.0387968099949496,1.1195845479327782,0.003046108642593026,0.0033592148683965206,8000,0.28173506272591964,21.5425,999.8391666666665,43361254825.649765,15486.177103198448,8.610515955355172,0.0,4.9889479456274,0.44382467952403776,CRITICAL_OFFLINE
Barangay Buli - Concepcion Street,B_candidate,78732,655,0.008319361885891378,0.01004566210045662,1.0647912254631637,1.0802023010708752,0.010952805168926716,0.0050476305186748505,8000,0.2840101654478502,22.0475,1878.434166666667,54125949011.270966,32617.268127173982,8.565976150600036,0.0,4.04636192443644,0.4427160870368985,CRITICAL_OFFLINE
"Near Katipunan Ave., Quezon City",A_high_freq,78732,708,0.008992531626276482,0.0091324200913242,1.0504162795465293,1.1526849404778263,0.004756376147270203,0.004249962046742439,8000,0.2844383734370075,21.87366666666667,1018.8743333333334,14735753665.717299,8380.547678568537,8.413721203193061,0.0,1.9534181910443749,0.4412890966949675,CRITICAL_OFFLINE
Samal Municipal Hall,A_high_freq,78732,682,0.008662297414012091,0.010958904109589041,1.062980817726285,1.1964438640408976,0.005332239903509617,0.004707850981503725,8000,0.24694080035277255,21.872166666666665,851.8826666666665,12024369566.812191,9609.47280740761,8.3522585832022,0.0,2.185366315382307,0.4333541542657015,DEGRADED_OFFLINE
Gen. Luna St. corner Gov. Pascual Ave.,B_candidate,78732,530,0.006731697403851039,0.0091324200913242,1.0701372858560716,1.0722165264101309,0.010364042595028877,0.0058307587169110775,8000,0.29438594137769136,22.0425,1494.1516666666662,155415771048.54092,26847.50309542135,9.233960799688777,0.0,10.10920571805349,0.4328489791911123,CRITICAL_OFFLINE
Manila Observatory,C_hourly,78732,993,0.012612406645328455,0.015525114155251141,1.0158944366405414,1.0677788156425436,0.005346283316612244,0.0030508888885378838,8000,0.016174613673260785,67.0,142.0,133033488316.10031,29506.399540054903,8.288522000354114,0.0,0.0,0.43253416661486366,SUSPICIOUS_READINGS
ASMPH,A_high_freq,78732,791,0.010046740842351267,0.011872146118721462,1.0496058764689915,1.1026387390855978,0.0061624436639249325,0.0020228063222020864,8000,0.18958887902987287,5.9046666666666665,865.5486666666667,4777552354.339565,6040.07671947662,8.151877326687927,0.0,1.7561998564764159,0.4274015563701599,DEGRADED_OFFLINE
Demo Unit 4,A_high_freq,78732,42,0.000533455265965554,0.0027397260273972603,1.0311640211808124,1.0533775791176445,0.0011626610066741705,0.001570406835526228,8000,0.46101295641931683,328.238,1196.639333333333,23895169294.313656,8776.067424859399,8.898389811896006,0.0,5.341880914201636,0.4126737767088612,CRITICAL_OFFLINE
Illumina,C_hourly,78732,816,0.010364273738759335,0.014611872146118721,1.0124518391019148,1.038036059255286,0.006484312005341053,0.002059313002973795,8000,0.033211105290728016,91.0,198.0,63537643373.23294,22742.11135939411,8.61571140780825,0.0,0.0,0.4107359367281778,HEALTHY
"Lamao, Limay",A_high_freq,78732,488,0.006198242137885485,0.0073059360730593605,1.055306652342078,1.0870875504124358,0.002813666593283415,0.0025492149870842695,8000,0.3318854886475815,12.875499999999999,1258.4966666666664,19669419304.63452,11841.302768122314,8.58593909544246,0.0,3.198513387052914,0.40801142356570647,CRITICAL_OFFLINE
North Caloocan Nova Romania - Alora (download airgradient mobile app for realtime data),C_hourly,78732,920,0.011685210587816897,0.012785388127853882,1.0354164448309278,1.0747620046765636,0.009555811062455177,0.006497938185930252,8000,0.0056246691371094615,4.0,20.0,85154718216.38593,22483.37776872672,8.485183451219854,0.0,0.0,0.3866584848922328,HEALTHY
STRC,C_hourly,78732,738,0.009373571101966164,0.01004566210045662,1.0410529282530636,1.061370421525067,0.003424696158617735,0.0026636840775609016,8000,0.037135278514588865,51.0,207.0,36414729025.77016,10414.050658138012,8.503628306928444,0.0,0.0,0.3547393807191477,HEALTHY
Tivoli,C_hourly,78732,691,0.008776609256718996,0.01004566210045662,1.0176748906874071,1.0523767949601321,0.00805661827325821,0.005193054676055908,8000,0.02652270860227668,48.0,66.0,30403189356.029495,10498.225630543653,8.451649969961542,0.0,0.0,0.33706148390955987,HEALTHY
President Roxas,C_hourly,78732,619,0.00786211451506376,0.0091324200913242,1.0070885086347932,1.026131923663262,0.01220299955457449,0.009867730550467968,8000,0.025140977443609103,22.0,63.0,145199512106.8164,27541.702958337937,9.338578664196145,0.0,0.0,0.3309656402970914,HEALTHY
Valle1,C_hourly,78732,672,0.008535284255448864,0.0091324200913242,1.021371227555811,1.108383307920457,0.0034532840363681316,0.0013714918168261647,8000,0.03710054559625875,16.0,77.0,21631214735.861298,10154.186270802342,7.9920550444403196,0.0,0.0,0.31390043933604206,HEALTHY
Pinya Farm,C_hourly,78732,711,0.00903063557384545,0.01004566210045662,1.0316591710728853,1.0814585778676271,0.003605747129768133,0.0019429215462878346,8000,0.0026352288488210585,3.0,6.0,27677154129.21974,11073.155276696238,7.725660152288349,0.0,0.0,0.30539060690825054,HEALTHY
"Quezon Rd, San Simon",B_candidate,78732,15,0.00019051973784484072,0.0009132420091324201,1.0111357928936786,1.237656903384319,0.019016707316040993,0.01919953152537346,8000,0.19191285502452382,41.372166666666665,1135.8855,12197969190500.688,464266.8978333001,9.066918480760823,0.0,87.00141696461426,0.2712370783945659,DEGRADED_OFFLINE
Tagaytay (Neogan),C_hourly,78732,298,0.003784992125184169,0.0045662100456621,1.0086991945975974,1.0594372844493256,0.010749672539532185,0.007990331389009953,8000,0.09095260890378165,213.0,251.0,34323128459.492012,12472.83658615762,7.846011421973396,0.0,0.0,0.26603542310002043,OCCASIONAL_OUTAGES
Demo Unit 1,B_candidate,78732,121,0.0015368592186150486,0.0036529680365296802,1.007196861710998,1.090376103708829,0.003350498154759407,0.003065261757001281,8000,0.21512287334593572,41.380833333333335,774.8958333333334,59674965568.38509,25232.400080724306,8.42402153976567,0.0,4.583093208609544,0.25688044446679786,DEGRADED_OFFLINE
NASA GSFC Rutgers Calib. N12,B_candidate,78732,20,0.0002540263171264543,0.0009132420091324201,1.0085552731891463,1.0620821860688763,0.0025982740335166454,0.0014642052119597793,8000,0.2771817058096415,19.048333333333336,1924.85,8783725546.85146,7190.452873690633,8.2652254433534,0.0,1.0010064727204564,0.2350751722719387,CRITICAL_OFFLINE
Ortigas,B_candidate,78732,4,5.080526342529086e-05,0.0009132420091324201,1.009097741696337,1.103317316054759,0.0025039815809577703,0.0027019637636840343,8000,0.23014598030313616,18.791666666666668,1193.5833333333333,56845366468.014336,20115.106784123618,8.223723018694802,0.0,3.0964177787336844,0.2108989346559892,DEGRADED_OFFLINE
Demo Unit 2,A_high_freq,78732,4,5.080526342529086e-05,0.0009132420091324201,1.0090293712225777,1.07853962898577,0.0023432655725628138,0.0021340777166187763,8000,0.17318518518518522,16.573666666666664,1730.7266666666662,42731975003.56996,16804.53209636071,8.511680397488016,0.0,5.369655395696485,0.1926939386231249,DEGRADED_OFFLINE
"Brgy. Benedicto, Jaro, Iloilo",C_hourly,78732,0,0.0,0.0,0.0,1.0387396165726894,0.0017169038765132427,0.001414413913153112,8000,0.060359436318230486,690.0,854.0,134454848312.97977,68212.37619209905,7.903752895012589,0.0,0.0,0.1703218643243456,OCCASIONAL_OUTAGES
