candidate_id,province,builtup_frac,is_eligible,dist_to_existing_km,lon,lat
61,Tawi-Tawi,885.0,True,690.5390407335142,119.75523041819933,5.021846890389332
328,Sulu,836.0,True,559.9799523280798,120.81907676371904,5.547547019981871
1072,Sarangani,129.0,True,134.1180093396875,125.29501829017288,5.983018377942764
1171,Sulu,42.0,True,523.6236342978619,121.01763850609164,6.035908660507767
1430,South Cotabato,948.0,True,130.70777694572803,125.13355911973777,6.074454508042786
1579,Sarangani,549.0,True,121.86284640445837,125.25997599978321,6.109549187380629
1658,South Cotabato,3559.0,True,123.59408402961712,125.17001667292767,6.128291971450667
2072,South Cotabato,4124.0,True,120.10474353961013,125.06256646853446,6.219321856511875
3115,Davao Occidental,2295.0,True,81.2645922500906,125.60493257661595,6.413196156500745
3391,South Cotabato,1013.0,True,113.63353827423862,124.84808415092384,6.473565570561035
4392,Sultan Kudarat,1175.0,True,126.70032130138242,124.59664090611162,6.63786090902318
4463,Basilan,1520.0,True,386.459360469342,122.15714295552924,6.667590260002939
4540,Davao Oriental,29.0,True,76.02169515569044,126.09368000157566,6.642781953213279
4644,City of Isabela (not a province),1646.0,True,405.71153228752985,121.97635981541588,6.704142050691354
4691,Sultan Kudarat,281.0,True,113.30872118117992,124.70534934166832,6.691208063004205
4788,Sultan Kudarat,35.0,True,105.30384013320923,124.7776902747754,6.7087061164673
4881,Maguindanao del Sur,66.0,True,102.6076432609137,124.7958801707928,6.726612766563418
5079,Davao del Sur,2848.0,True,52.194714275775894,125.35558170430154,6.758028461029239
5246,Davao del Sur,149.0,True,59.86231608952241,125.21156598456203,6.795369136973858
5434,Davao del Sur,109.0,True,43.33922489186538,125.39231305951792,6.829833281646668
5632,Zamboanga del Sur,208.0,True,387.58013529350836,122.12151015808281,6.902739756119482
5731,Zamboanga del Sur,2610.0,True,391.4192462278649,122.08536300592593,6.9209046470475295
5833,Zamboanga del Sur,632.0,True,395.27168512316644,122.04921276850482,6.939067207540274
5941,Zamboanga del Sur,595.0,True,403.1253162511849,121.97686614021798,6.957302465726214
5951,Zamboanga del Sur,10.0,True,383.1859090653508,122.15782841174766,6.956899549720854
6303,Davao Oriental,54.0,True,68.92268035726164,126.22327995627175,6.965649457082766
6517,Cotabato (North Cotabato),3412.0,True,61.118428637673446,125.0871013019256,7.012919852115213
6669,Davao del Sur,816.0,True,18.739514011594103,125.5024307338303,7.027158270021997
6753,Cotabato (North Cotabato),16.0,True,107.6336771578919,124.65394243415153,7.052582680271536
6888,Special Geographic Area,652.0,True,105.45916909167906,124.67215032511325,7.0704893050715025
6937,Davao del Sur,3589.0,True,11.737462639707557,125.55691805645691,7.062691244505176
6940,Davao del Sur,2921.0,True,9.203256299719527,125.61105358725167,7.062159587822229
7215,Davao del Sur,16.0,True,14.333263949530885,125.50312781648681,7.099274969501185
7225,Davao del Norte,10.0,True,8.25701237361352,125.68359111063697,7.0974901353029205
7521,Davao de Oro (Compostela Valley),473.0,True,30.418720872885977,125.90046616648355,7.131293926307533
7861,Maguindanao del Norte,2739.0,True,153.0072214681229,124.23934036145982,7.200091646928419
7877,Cotabato (North Cotabato),583.0,True,121.11970860573872,124.52857283591142,7.197959226049883
8912,Davao del Norte,2929.0,True,20.05944232729538,125.68581137236572,7.313783368067359
9587,Zamboanga Sibugay,293.0,True,311.94938626579824,122.81102978983489,7.424857199859867
10006,Davao del Norte,1880.0,True,37.8105268999899,125.79547493895473,7.438794802879874
10555,Palawan,74.0,True,675.297250319048,117.30515263434059,7.521311675543196
10865,Davao del Norte,3.0,True,43.03226721047951,125.63391441289875,7.5306501531464205
12355,Bukidnon,72.0,True,90.99210238573076,125.00278065314951,7.681205174802254
12415,Davao de Oro (Compostela Valley),2462.0,True,77.56149171315204,126.08702453202447,7.66975044941965
13112,Zamboanga Sibugay,4.0,True,323.33980353686144,122.5768428271729,7.769231192909916
13825,Zamboanga del Sur,181.0,True,253.5169151965174,123.4288394721479,7.819445920653471
15251,Lanao del Norte,2664.0,True,221.8274532628493,123.77375494772822,7.925714684236944
15325,Bukidnon,688.0,True,102.60402374440956,125.11356498646728,7.914674817720286
16430,Lanao del Sur,87.0,True,176.78657879805627,124.2816509844023,8.012315984303745
16656,Lanao del Sur,30.0,True,174.54774880911404,124.3180223710188,8.030080868805427
17049,Zamboanga del Sur,17.0,True,256.4720698723109,123.48470708244582,8.072076641625603
17511,Lanao del Norte,496.0,True,187.3066410028207,124.22802392456506,8.103022146884486
17951,Bukidnon,4.0,True,123.30735193162317,125.1157393773061,8.13112670763681
18077,Misamis Occidental,181.0,True,226.11659394577802,123.8478562857971,8.160034867717911
18461,Lanao del Norte,3226.0,True,193.12291588943276,124.22874572317941,8.19330003043404
18751,Surigao del Sur,93.0,True,139.71020141011473,126.32843097383092,8.189087952619
18764,Zamboanga del Norte,442.0,True,256.1033809738775,122.99595431652584,8.23740386990835
18985,Lanao del Norte,30.0,True,193.64889219448176,124.26543116884478,8.247173646984065
20030,Bukidnon,693.0,True,161.4734950794305,124.81002873615341,8.350653275524174
21155,Misamis Occidental,3083.0,True,205.68140192972317,123.79577143781229,8.485540182745764
21175,Misamis Oriental,3842.0,True,183.3303612802627,124.64813225866057,8.478517522246028
21177,Misamis Oriental,3054.0,True,178.6956355324828,124.72063797899212,8.477834192672429
21335,Misamis Oriental,4520.0,True,188.53962780417655,124.59391657690122,8.4970695784714
21450,Zamboanga del Norte,359.0,True,212.16238247694022,123.34233475952634,8.524656067670948
21640,Misamis Oriental,3310.0,True,181.52215932630165,124.75741515770132,8.531622568445425
21707,Agusan del Sur,123.0,True,157.48805574828825,125.97099074716125,8.517987698209895
22009,Zamboanga del Norte,167.0,True,204.57133751498029,123.3427748899309,8.596931579566725
22429,Zamboanga del Norte,485.0,True,194.38834470390856,123.41584891484705,8.66875615587321
22533,Misamis Oriental,2.0,True,195.26706755148194,124.75883650400782,8.675981862300107
22897,Agusan del Sur,1367.0,True,175.6207919837863,125.73815161020548,8.719168544968793
22947,Misamis Oriental,1901.0,True,196.1694505361177,124.77769402633054,8.74798073783696
23153,Palawan,737.0,True,558.1101072056078,117.83786657036799,8.789546571080436
24232,Agusan del Norte,2275.0,True,201.71605562886765,125.54174594343631,8.955949385701729
24734,Surigao del Sur,282.0,True,221.65421189479804,126.19564418399085,9.055424294820952
24862,Agusan del Norte,455.0,True,211.29083516732337,125.56168737460538,9.099934649429308
25342,Siquijor,217.0,True,135.0799098168167,123.49214334609695,9.210287941980543
25547,Negros Oriental,1.0,True,142.63235352063478,123.27416217638479,9.247864377537669
25647,Camiguin,47.0,True,142.57370870598714,124.69211634937287,9.254160037997659
25813,Negros Oriental,3012.0,True,136.4808716300425,123.29270023113757,9.301955606345157
26050,Negros Oriental,624.0,True,132.6046079327122,123.27485981461683,9.35627857884144
26820,Negros Oriental,1121.0,True,127.73414775275498,123.14850436769215,9.519703061246817
27099,Bohol,3.0,True,87.27885560809703,123.76771244254016,9.56954622783211
27180,Negros Oriental,3881.0,True,120.89632349955876,123.13074858894036,9.592096330379347
27213,Surigao del Norte,17.0,True,159.32455593403682,125.71305446725367,9.566659260836776
27390,Bohol,137.0,True,79.30933255950615,123.85914927221937,9.62299232031791
27845,Bohol,773.0,True,71.38654775880575,123.85975738362939,9.695233714783237
28130,Palawan,395.0,True,429.6071904144706,118.73964541266191,9.753775118411218
28481,Surigao del Norte,26.0,True,138.03522244917383,125.47959951993487,9.768085149504172
28499,Palawan,1857.0,True,428.1206458178134,118.7392773189978,9.807981236135081
29016,Cebu,11.0,True,65.68704366899473,123.58807689086535,9.878039870837638
30033,Dinagat Islands,132.0,True,109.1649069539614,125.57395114661543,10.019225357644538
30126,Bohol,31.0,True,64.83307545930656,124.5004633138328,10.050321138611706
30292,Cebu,68.0,True,44.76391331825544,123.64447097376056,10.094376260564369
30499,Bohol,4.0,True,45.2261166306732,124.33729253121146,10.12421708340444
30602,Southern Leyte,53.0,True,97.37919813910248,124.84747250556426,10.13669759942898
30682,Cebu,151.0,True,35.34499338147751,123.69975666016234,10.166183817534387
31010,Cebu,101.0,True,26.372126850941296,123.75506885577893,10.23797537019288
31096,Cebu,1833.0,True,18.266849045968577,123.82816451540975,10.255411523102897
31099,Cebu,1519.0,True,9.185432601824019,123.93756564331086,10.25444311036355
31101,Cebu,555.0,True,9.774805964734083,124.02872476996151,10.253608034331421
31281,Cebu,4245.0,True,11.16636339080542,123.88319296870839,10.291050542432377
31333,Palawan,100.0,True,354.7822646365513,119.31971618791384,10.317479169442288
31477,Cebu,3018.0,True,8.418281862524918,123.90175821662186,10.327006003662195
31685,Leyte,110.0,True,87.3995025162747,124.7771948377095,10.354056291769794
31775,Cebu,2633.0,True,36.84709221754177,123.64685941507342,10.383384080959702
31790,Cebu,1778.0,True,8.795733748868832,123.92049555129343,10.381017779627268
31901,Cebu,914.0,True,8.165664937274805,123.99362526627475,10.39840487125577
31915,Southern Leyte,1599.0,True,99.96015348189927,124.97807365725272,10.387721397255524
32203,Negros Occidental,979.0,True,25.890761191891105,122.82601952960157,10.461377038166148
32386,Cebu,7.0,True,16.435820707051327,124.01255844618089,10.470462520041783
32501,Negros Occidental,223.0,True,54.43641613323822,123.41048916016045,10.493642976161851
32503,Cebu,6.0,True,33.63234460808083,123.72077472792122,10.491145776783789
32903,Cebu,44.0,True,24.339835335849468,124.01325689565407,10.542690258397274
33099,Negros Occidental,1.0,True,8.91919010491745,122.91809220025668,10.58734656041376
33667,Iloilo,13.0,True,24.941383840762906,122.31560538652981,10.680808860419413
33787,Iloilo,1889.0,True,16.70426985309878,122.38879333021427,10.698571131607496
33791,Iloilo,5.0,True,9.187802128210405,122.46190157848206,10.698239204222544
33800,Guimaras,4.0,True,8.963774490834583,122.66293611918779,10.69723815050088
33856,Leyte,2775.0,True,97.898103617394,124.79938375715916,10.67860045547972
33888,Antique,17.0,True,62.14896445789772,121.96843594803765,10.718226655495748
34046,Negros Occidental,69.0,True,8.58462362469374,122.99208985725376,10.73146270567973
34229,Antique,112.0,True,66.21969423689696,121.93203789991512,10.772575360464565
34492,Iloilo,253.0,True,8.19115360652307,122.51726991176969,10.806431583881718
34505,Negros Occidental,2180.0,True,15.281528105015639,122.97428481900731,10.80386265232245
34578,Palawan,39.0,True,166.2778966419881,121.01771745699638,10.8281952116172
35080,Negros Occidental,2000.0,True,27.349380572512327,123.04800835153655,10.893739358586128
35416,Negros Occidental,116.0,True,49.84388692335485,123.30436199535889,10.94613086303695
35808,Iloilo,4.0,True,41.16240931042546,122.82937304184476,11.02162635816837
35934,Leyte,2940.0,True,103.26687343201479,124.60280744771242,11.02384270921186
36171,Eastern Samar,56.0,True,10.642430618986301,125.73507559757499,11.044339844995905
36857,Leyte,295.0,True,74.4761446573019,124.98826477426898,11.16334799674518
37276,Leyte,532.0,True,72.31727908040953,125.02554407007065,11.216969045533624
37494,Cebu,41.0,True,89.23851300126861,123.72780970207275,11.26777273631091
37532,Leyte,1879.0,True,77.425131711534,124.98950045020084,11.253533972060914
37768,Leyte,736.0,True,112.7642658384222,124.6609891650744,11.29385098305283
38830,Iloilo,1.0,True,24.129351279271468,123.14364979602816,11.471312578240669
39219,Capiz,54.0,True,20.67737882138814,122.77769984612289,11.546051494497577
39226,Iloilo,19.0,True,26.883933640562685,123.14419501877127,11.543585250348675
39462,Capiz,743.0,True,27.63490125399405,122.74137967927504,11.600489954653456
39467,Biliran,3.0,True,147.67039342255654,124.40845449220205,11.585680735383074
39607,Samar (Western Samar),20.0,True,97.52715751065934,125.01284448720477,11.614017383643858
39630,Eastern Samar,2267.0,True,71.77889468746528,125.4335089270527,11.607865026871542
39770,Aklan,134.0,True,66.75210566898102,122.37517276568123,11.692834440312351
39878,Antique,645.0,True,97.8380740888849,122.08185552480411,11.73023799743655
40120,Samar (Western Samar),3965.0,True,120.13744129970884,124.88703404399529,11.778118332624464
40617,Aklan,1254.0,True,122.22831981927445,121.93582786916616,11.947688180926514
40825,Palawan,106.0,True,244.26349902689248,120.20967769952496,12.002321932032302
40934,Masbate,1040.0,True,132.48569615896594,123.99182233510857,12.005612197122852
41322,Samar (Western Samar),1.0,True,166.80266674114733,124.57951233584134,12.070912545849023
41913,Masbate,121.0,True,132.42741877309635,123.86534670221766,12.18752764571396
42013,Masbate,2.0,True,126.32486360751018,123.773752931613,12.206522632999903
42744,Occidental Mindoro,612.0,True,195.3217596546721,121.07293750663318,12.346973898863475
43028,Masbate,3140.0,True,129.49022773660033,123.6284877339825,12.370506508308775
43225,Romblon,913.0,True,149.55248799339694,121.99263843511069,12.41751126535317
43731,Masbate,1.0,True,127.29331943678932,123.39061820484287,12.481087849167881
43958,Northern Samar,30.0,True,190.8060561124961,124.29148845568226,12.507726217364867
43978,Northern Samar,59.0,True,199.08551278216183,124.65882255653678,12.502990184981346
44080,Northern Samar,17.0,True,194.4318547762723,124.7692541240091,12.519512325907014
44612,Sorsogon,125.0,True,173.53203121447729,123.8890721655709,12.67486614641796
45667,Sorsogon,2590.0,True,168.25969955986992,123.98462451165113,12.980780376060663
45844,Sorsogon,31.0,True,169.42563334799235,124.04029174265135,13.016248407209833
45990,Oriental Mindoro,3.0,True,126.29242137398606,121.5157168577912,13.06965542048801
46448,Albay,3455.0,True,136.42023445548293,123.72863491036712,13.146130464655174
46597,Occidental Mindoro,1632.0,True,102.59247962228731,120.61185111529973,13.214479793086808
46949,Albay,12.0,True,113.77322915469414,123.52703893238237,13.256564269679883
47072,Albay,2.0,True,129.79808658562962,123.78534286072669,13.271939116624237
47483,Albay,1.0,True,118.4746794997637,123.71240300997715,13.344965791993298
47666,Camarines Sur,96.0,True,92.430462464964,123.36231264908346,13.384592270150959
47727,Oriental Mindoro,3685.0,True,81.93422095042972,121.18402038464522,13.413587041360737
47861,Camarines Sur,3084.0,True,92.08956407815396,123.41802038462266,13.420194648533721
48008,Marinduque,348.0,True,100.89977004050445,121.83054107414024,13.466535287207412
48161,Oriental Mindoro,29.0,True,66.11143547919498,120.9623927205055,13.504036550188482
48413,Camarines Sur,1735.0,True,71.03909733122553,123.290226553838,13.565907138817282
48549,Catanduanes,69.0,True,149.668281706989,124.23202880456272,13.591618007917269
48603,Camarines Sur,1488.0,True,60.11548953378338,123.17992941087303,13.62109114547841
48606,Camarines Sur,251.0,True,62.81731901039531,123.23533870605918,13.620600681913185
49096,Camarines Sur,1092.0,True,52.1235096133591,123.19923472695258,13.711252121882056
49113,Camarines Sur,14.0,True,75.38188220323704,123.51330548526906,13.708266166682755
49261,Batangas,1493.0,True,42.195091368432,121.07331036681707,13.757124406571029
49512,Batangas,190.0,True,36.05931453148515,121.0178294309616,13.79328878121658
50295,Batangas,355.0,True,21.7325233133159,120.92530634281657,13.90174181923617
50304,Batangas,513.0,True,29.219429965210804,121.091856960115,13.901740690823118
50469,Quezon,259.0,True,35.473183308635406,121.44349321129778,13.919442236183063
50624,Quezon,3374.0,True,47.29645249951768,121.61009619893733,13.937163695179533
50743,Batangas,2905.0,True,26.58678831304536,121.14740649657634,13.955947746664798
50754,Quezon,1657.0,True,26.848517704629348,121.35101378516134,13.955744907291578
50763,Quezon,83.0,True,38.08445698220659,121.51759818930648,13.955452180908583
50772,Quezon,42.0,True,53.16283026609359,121.68417794425773,13.955045377145224
51069,Quezon,24.0,True,82.383563884035,122.20256653759496,13.989197558747486
51517,Batangas,1.0,True,26.680436378086704,120.64747175440635,14.064185943437382
51553,Laguna,2276.0,True,14.30112097670395,121.3141387480821,14.064257838880906
51669,Batangas,4281.0,True,14.816162419021367,121.14748353480563,14.082489743126727
52244,Laguna,594.0,True,9.309469322027544,121.33281129510334,14.172695773351439
52335,Laguna,462.0,True,10.764234276359009,121.11049255706352,14.19097217302658
52435,Laguna,3568.0,True,9.461920886765796,121.16609164324849,14.20901879977984
52710,Laguna,3653.0,True,9.23380002226654,121.12906026829388,14.263271962290288
52726,Laguna,492.0,True,21.648184193533442,121.42561249373298,14.26293540374024
52761,Camarines Norte,53.0,True,29.573590781227004,122.72277371004782,14.257128022909642
52781,Cavite,134.0,True,16.862143913520796,120.8880990326869,14.28135088435253
52785,Cavite,1022.0,True,8.987750943471562,120.96224393774456,14.281376283355163
52851,Camarines Norte,652.0,True,24.551863125623974,122.79701820033198,14.274651386154623
52946,Laguna,273.0,True,8.041832182077139,121.0920112363687,14.317519274483
52997,Cavite,7.0,True,26.589737168333784,120.77682694189161,14.335500252626504
53005,Cavite,7.0,True,13.880932846631984,120.92515189724377,14.335597588162077
53008,Cavite,305.0,True,8.507218639464577,120.98077395199702,14.335610188561201
53057,Cavite,419.0,True,16.87575591670046,120.86951891787929,14.353648904278197
53158,Cavite,1456.0,True,8.065596627203375,120.94367739565108,14.389834129704147
53199,Cavite,3586.0,True,14.446311503639922,120.86948582767145,14.407879599397566
53304,Cavite,3714.0,True,8.105923691683088,120.92511252672215,14.444059086330551
53521,Rizal,314.0,True,12.2039574337241,121.27764234506456,14.516223862260265
53701,Rizal,1667.0,True,8.35631266792405,121.2034845157015,14.588604133797679
53747,Rizal,1474.0,True,8.864607930521549,121.18493749521386,14.606695562964266
54164,Rizal,3706.0,True,8.395009196481288,121.14789241386308,14.733256089207204
54236,Rizal,779.0,True,9.052488768619284,121.12932872109346,14.751343031244863
54264,Quezon,795.0,True,57.29671058493902,121.64942556409983,14.750481856001686
54317,Rizal,1.0,True,14.723430957332967,121.20364631752231,14.769367881589805
54390,Bulacan,2854.0,True,8.521611715793917,120.94356430799974,14.787519743560727
54483,Bulacan,1573.0,True,8.343253879970618,121.07361922362698,14.805594870842478
54621,Zambales,129.0,True,27.97895881080399,120.2931591757247,14.840650635151102
54630,Bataan,2051.0,True,11.914107370770392,120.46039644405546,14.841108651785083
54648,Bulacan,460.0,True,18.289371033684585,120.79488425587017,14.841659790210695
54652,Bulacan,2837.0,True,18.51904191082328,120.86921633217653,14.841716186422818
54660,Bulacan,741.0,True,10.098744820045924,121.01788106276565,14.841756888355693
54756,Bulacan,8.0,True,14.355124717310062,121.09222057577442,14.859817392666612
54800,Zambales,872.0,True,34.93460510243603,120.23728682101056,14.876620132672269
55065,Zambales,3838.0,True,40.98313931292399,120.19991624774391,14.930715602498411
55096,Pampanga,65.0,True,8.094419730275664,120.77620534157852,14.932022069658231
55180,Pampanga,2.0,True,9.417944462288455,120.64604102945839,14.949929735075681
55194,Bulacan,132.0,True,17.64750391212777,120.90633236546957,14.95019213522862
55357,Pampanga,3101.0,True,15.047454793189173,120.55300542920475,14.985915109564521
55876,Pampanga,6.0,True,8.145977509182764,120.66440292080183,15.094563437183922
56028,Pampanga,3569.0,True,8.762975101465933,120.58991438835689,15.130589499466396
56714,Tarlac,292.0,True,13.22160527924663,120.57097290809612,15.293230708389824
56730,Nueva Ecija,2739.0,True,27.08434672650893,120.8689265208024,15.293612000825199
56809,Nueva Ecija,324.0,True,35.226848116588435,120.94341046603697,15.311720833382712
57198,Nueva Ecija,1064.0,True,38.44533104655664,120.9247514205551,15.402091834853863
57600,Tarlac,119.0,True,33.5846876239019,120.58919890166351,15.492089991860059
57620,Nueva Ecija,601.0,True,48.01201654679829,120.9619961963302,15.492478720420094
58126,Nueva Ecija,1961.0,True,53.578298512044256,120.90602365263716,15.60091099140555
58465,Tarlac,1.0,True,53.76080131183974,120.57017831137848,15.672799477352637
58981,Aurora,954.0,True,117.20023957487406,121.5591955056508,15.762905504337555
59100,Pangasinan,544.0,True,70.6027557988911,120.43923863383422,15.799017933763947
59130,Nueva Ecija,2052.0,True,77.6707529855387,120.99926600014079,15.799757172946983
59812,Pangasinan,100.0,True,69.83655633659937,120.3454338549737,15.943341566078432
60022,Pangasinan,2343.0,True,58.22094288232425,120.569519164832,15.980059842318408
60115,Pangasinan,1289.0,True,61.738160218051185,120.40131111622068,15.997726289051517
60208,Pangasinan,205.0,True,69.9126841466399,120.23307835773846,16.015260016532306
60412,Pangasinan,236.0,True,59.48658825187849,120.3450774738969,16.051780644444154
60417,Pangasinan,236.0,True,54.5767955618262,120.43852824809349,16.0520485441638
60703,Pangasinan,320.0,True,51.1714113728171,120.40098372031618,16.106165986334922
61947,La Union,1997.0,True,36.56156612540333,120.36289015220414,16.322931365709263
62386,Benguet,230.0,True,11.698655741905476,120.62477420505637,16.395860414502472
62588,Benguet,2592.0,True,10.138921411562505,120.58725039003498,16.431935587083302
63024,Nueva Vizcaya,1.0,True,54.852656454126986,121.16784909728798,16.504584681140955
63567,Quirino,2337.0,True,91.44032285102732,121.5052892561948,16.59441500905932
63612,La Union,55.0,True,37.30474808944224,120.32444947259181,16.611970974076318
64108,Isabela,5.0,True,99.01334449999595,121.56177560513403,16.684634438340375
64332,Isabela,1379.0,True,113.53080167794455,121.69315786250287,16.720384032021926
65096,Ifugao,1238.0,True,98.8007106147864,121.5059483419216,16.847429012086337
65475,Ilocos Sur,21.0,True,52.33788412333159,120.43599580175832,16.919536254337345
65653,Isabela,172.0,True,126.62582728478166,121.75026526452072,16.937045937313666
65821,Mountain Province,69.0,True,56.287411398384,120.8302053116064,16.97447258782263
66626,Isabela,6.0,True,122.7373474040434,121.6193695881367,17.100126616429748
68512,Isabela,2143.0,True,157.36943226878776,121.77104063341417,17.424885177393183
68590,Kalinga,2.0,True,135.17900554545923,121.451067196644,17.443928792945897
69209,Ilocos Sur,2453.0,True,122.81327919434351,120.3774780868101,17.5699326600814
69417,Abra,233.0,True,123.35739650959454,120.64116367151719,17.606736558579478
69571,Cagayan,2930.0,True,169.9580314725739,121.73418574383275,17.62379866696545
69857,Cagayan,1373.0,True,173.14478632143312,121.71555361033734,17.67807755269526
71707,Ilocos Norte,284.0,True,173.93843432201294,120.54578692037269,18.058304684218662
72336,Ilocos Norte,882.0,True,187.78507066063872,120.58326659213078,18.184881778284765
73166,Apayao,469.0,True,219.6109124268728,121.37763837987035,18.347614874552466
73181,Cagayan,29.0,True,231.79222573872,121.66147239358806,18.346848996598265
73591,Cagayan,11.0,True,271.0938486250524,122.1542432862096,18.470985218408202
73998,Batanes,130.0,True,449.4046603660378,121.9376962313293,20.35106159885912
