station,cluster,n_records,active_hours,coverage_20min,coverage_1h,gain_20min_over_1h
313_Cubao,C_hourly,8,21.0,0.125,0.36363636363636365,-0.23863636363636365
3S Center Bagbaguin,B_candidate,17000,6797.431666666666,0.7122542048742215,0.7633127390408944,-0.05105853416667283
3S Center Paso De Blas,B_candidate,17000,6783.42,0.7134433962264151,0.7638909358879882,-0.050447539661573115
3S Center Ugong,B_candidate,17000,7099.540555555555,0.7035072069111226,0.7502816901408451,-0.04677448322972255
ADB Courtyard (Demo),A_high_freq,96,2185.9575,0.0050312547644458,0.007773205304069501,-0.0027419505396237016
ASMPH,A_high_freq,9000,1126.7733333333333,0.8104111209701271,0.901595744680851,-0.09118462371072389
Along Shaw Blvd.,A_high_freq,17000,3383.6358333333333,0.6682427107959023,0.7878877400295421,-0.11964502923363984
Anda Circle,A_high_freq,13239,3503.0197222222223,0.5147478591817317,0.6478310502283106,-0.13308319104657884
Aurora Boulevard (Tramo) - Andrews Avenue,B_candidate,17000,6830.164444444445,0.713483968571568,0.7632850241545893,-0.04980105558302128
Ayala Ave.,A_high_freq,8147,2116.0363888888887,0.5284296739644039,0.6580066131317903,-0.12957693916738644
Ayala MRT,C_hourly,144,210.0,0.22820919175911253,0.6824644549763034,-0.45425526321719084
Bacolod City Araneta-Hernaez Sts,C_hourly,374,555.0,0.22448979591836735,0.6726618705035972,-0.4481720745852298
Bacolod City San Juan-Gonzaga Sts,C_hourly,107,517.0,0.06894329896907217,0.20656370656370657,-0.1376204075946344
Barangay Buli - Concepcion Street,B_candidate,16000,6426.793888888889,0.7159898345521498,0.765520460557025,-0.04953062600487523
Barangay Fortune - Santan Street,B_candidate,17000,6793.359444444444,0.7140473970855208,0.7640912435614422,-0.050043846475921416
Barangay San Antonio - Parañaque-Sucat Road (Shopwise),B_candidate,17000,6767.461944444444,0.7147219622715855,0.7652186761229315,-0.05049671385134602
Barangay San Rafael Hall,B_candidate,17000,6926.923611111111,0.7126840535078434,0.7615473441108545,-0.04886329060301109
Barangay Tambo - Quirino Avenue,B_candidate,17000,6842.1866666666665,0.7135967262629708,0.7638462662574894,-0.050249539994518644
Barangay Tanza 2 Hall,B_candidate,17000,6949.941944444445,0.7123399357344972,0.762192490289167,-0.04985255455466986
Barangay Tunasan - Maharlika Highway (SM Center Muntinlupa),B_candidate,17000,6797.614444444444,0.7139845052466411,0.7670245624356523,-0.05304005718901117
Bataan Tourism Park,A_high_freq,17000,3421.529722222222,0.6694593278129567,0.7887200467562828,-0.11926071894332613
Binangonan,C_hourly,2355,4385.0,0.17900577683186378,0.5369357045143639,-0.3579299276825001
"Bo. Luz Barangay Hall, Limay",A_high_freq,17000,3423.718611111111,0.6679322429906542,0.7815420560747663,-0.11360981308411211
Boni Serrano,A_high_freq,9229,3028.5466666666666,0.41718939143831846,0.4864686468646865,-0.06927925542636804
Bradco Ave. cor Macapagal,A_high_freq,17000,3611.0244444444443,0.7073103193649621,0.7929125138427464,-0.08560219447778428
Brgy. Ambassador,C_hourly,8824,9669.0,0.3041919470490899,0.9125129265770424,-0.6083209795279525
"Brgy. Benedicto, Jaro, Iloilo",C_hourly,14047,14949.0,0.3132135212272565,0.9395986622073579,-0.6263851409801013
"Brgy. East Timawa, Molo",C_hourly,204,211.0,0.3217665615141956,0.9622641509433962,-0.6404975894292007
Brgy. Infante,C_hourly,10579,12493.0,0.2822572038420491,0.8467264286857692,-0.5644692248437201
C3 Road (5th Avenue) - Rizal Avenue Extension,B_candidate,17000,7065.402777777777,0.7047695428598386,0.7526531767369463,-0.0478836338771077
Caloocan Sports Complex,B_candidate,17000,6803.9775,0.7138098270709842,0.7642909625275532,-0.05048113545656907
Central Philippine University,C_hourly,15548,18235.0,0.2842101414835667,0.8525992542224172,-0.5683891127388505
DENR Compound Parola,C_hourly,3,2.0,0.42857142857142855,1.0,-0.5714285714285714
DLSU Laguna,C_hourly,26,25.0,0.34210526315789475,1.0,-0.6578947368421053
"Daet, Camarines Norte (Roadside)",C_hourly,499,1726.0,0.09635064684301989,0.2889403590040533,-0.1925897121610334
Demo Unit 1,B_candidate,9629,3526.09,0.7848771266540643,0.8239795918367347,-0.039102465182670465
Demo Unit 2,A_high_freq,17000,2249.4630555555555,0.8268148148148148,0.914260328742781,-0.08744551392796618
Demo Unit 4,A_high_freq,7032,1414.9644444444446,0.5389870435806832,0.6339222614840989,-0.09493521790341575
Gen. Luna St. corner Gov. Pascual Ave.,B_candidate,11995,4969.4013888888885,0.7056140586223086,0.7533199195171026,-0.047705860894794005
Illumina,C_hourly,6152,6363.0,0.32226296490309064,0.9666876178504086,-0.6444246529473179
"Iloilo City, Augustine Grove Subd.",C_hourly,16228,19706.0,0.27449720056157917,0.8234637438473639,-0.5489665432857846
J.P. Rizal Avenue corner Camia,B_candidate,17000,6816.246944444444,0.7147677261613692,0.7648525744462373,-0.050084848284868144
J.P. Rizal Avenue corner Pertierra,B_candidate,17000,6828.590277777777,0.7157571024114029,0.769658808024601,-0.05390170561319807
Kalayaan Avenue  - South Avenue Intersection,B_candidate,17000,7095.803055555555,0.7049041713641488,0.7529594137542277,-0.048055242390078856
"Lamao, Limay",A_high_freq,17000,3376.326111111111,0.6681145113524185,0.7892243931320307,-0.12110988177961224
Lapu-Lapu City,A_high_freq,696,1053.941111111111,0.09200126462219411,0.11374407582938388,-0.021742811207189766
Las Pinas,C_hourly,6264,8094.0,0.2579582423917967,0.773810994441013,-0.5158527520492162
MNHS AQ Station,B_candidate,15959,6961.861666666667,0.6669698855747594,0.7216716932356743,-0.054701807660914814
Makati Avenue  - Antonio Arnaiz Avenue Intersection,B_candidate,17000,6835.761388888889,0.7152957238285631,0.7672955974842768,-0.05199987365571368
Makati Avenue - Buendia Avenue Intersection,B_candidate,17000,6814.016666666666,0.7145722252115638,0.7662509170946442,-0.051678691883080385
Malabon Action Center,B_candidate,17000,6862.301944444444,0.7136542478262982,0.7633687891592598,-0.049714541332961604
Mall of Asia Sensor,C_hourly,432,1036.0,0.1389514313284014,0.4165863066538091,-0.27763487532540765
Mandaluyong City,A_high_freq,17000,3334.675277777778,0.6814592703648176,0.8179910044977511,-0.1365317341329335
Mandaluyong Elementary School,B_candidate,17000,6816.775833333333,0.7109187814776784,0.7661728032859029,-0.055254021808224474
Manila,C_hourly,17000,20054.0,0.2825656965244419,0.8476689104961356,-0.5651032139716936
Manila Observatory,C_hourly,10908,11087.0,0.3279417954422464,0.9837662337662337,-0.6558244383239873
Marikina,C_hourly,2,1.0,0.5,1.0,-0.5
Marikina Sports Complex,B_candidate,17000,7134.9383333333335,0.6990889978976874,0.7495444989488437,-0.05045550105115626
Mariveles Municipal Hall,A_high_freq,1091,1957.9783333333332,0.09531914893617022,0.13935681470137826,-0.04403766576520804
"Monumento, Caloocan",A_high_freq,17000,3135.075277777778,0.7182649372740804,0.8278061224489796,-0.10954118517489919
NASA GSFC Rutgers Calib. N12,B_candidate,17000,6741.360833333333,0.7228182941903585,0.772174428952833,-0.04935613476247447
"Near Katipunan Ave., Quezon City",A_high_freq,17000,3171.864722222222,0.7155616265629925,0.8197289631263788,-0.10416733656338628
Near Puregold Tayuman,A_high_freq,12984,3503.031388888889,0.5146037484540006,0.6470756062767475,-0.13247185782274695
Near Sucat Interchange/Exit,A_high_freq,17000,3378.463888888889,0.6693301765808425,0.7928994082840237,-0.12356923170318124
North Caloocan Nova Romania - Alora (download airgradient mobile app for realtime data),C_hourly,5009,5037.0,0.3314584436209635,0.9942437475188567,-0.6627853038978933
Old Wack Wack Road corner Shaw Boulevard,B_candidate,17000,6754.953611111111,0.7168656863712622,0.7714624037892244,-0.054596717417962126
Ortigas,B_candidate,16000,4772.228611111111,0.7698540196968638,0.825267127592709,-0.05541310789584519
Ortigas Avenue-Roosevelt Intersection,B_candidate,17000,6888.199166666666,0.7142511492862328,0.7649876614893308,-0.05073651220309805
Pasay Rotonda,C_hourly,820,2602.0,0.10503394389650314,0.31502112946600075,-0.2099871855694976
Pasay-Taft,A_high_freq,10901,11285.97,0.13187429854096522,0.15824915824915825,-0.026374859708193032
Pateros Bridge,B_candidate,17000,7037.455,0.707052526879174,0.7550440466041489,-0.04799151972497495
Pinya Farm,C_hourly,2397,2403.0,0.33245492371705965,0.9970881863560732,-0.6646332626390136
President Roxas,C_hourly,2766,2837.0,0.32495300751879697,0.9746300211416491,-0.6496770136228521
"Quezon Rd, San Simon",B_candidate,15992,5844.296111111111,0.8080871449754762,0.841573994867408,-0.03348684989193185
Rajah Sulayman Park,A_high_freq,10909,2880.0197222222223,0.52644369864599,0.6546338077056577,-0.12819010905966766
Ramon Avancena High School,C_hourly,120,3537.0,0.011307953260459858,0.033917467495760314,-0.022609514235300457
Robinson's Equitable Tower (Indoor),C_hourly,70,69.0,0.33653846153846156,1.0,-0.6634615384615384
STRC,C_hourly,6050,6283.0,0.3209549071618037,0.9627625716104392,-0.6418076644486355
Samal Municipal Hall,A_high_freq,17000,3023.3230555555556,0.7530591996472275,0.8478835978835979,-0.09482439823637046
"San Antonio, Los Banos, Laguna (Residential)",C_hourly,70,69.0,0.33653846153846156,1.0,-0.6634615384615384
San Juan Mini Park,B_candidate,17000,6914.147222222222,0.7118063925179579,0.7612436731742589,-0.04943728065630104
San Sebastian Residences,A_high_freq,13094,3502.9480555555556,0.517270910648016,0.6565800742220953,-0.1393091635740793
Santa Clara - Pasay City General Hospital,B_candidate,17000,6930.256111111111,0.7158522508657176,0.7713172702351753,-0.05546501936945769
Sensor 1,C_hourly,13,49.0,0.08783783783783784,0.26,-0.17216216216216218
"South Triangle, Quezon City",C_hourly,712,1818.0,0.1305224564619615,0.3914238592633315,-0.26090140280137
Sta. Ana Hospital,A_high_freq,13154,3502.8969444444447,0.5147016842706251,0.6491578646874108,-0.13445618041678564
Sto. Rosario Bridge,B_candidate,17000,7016.154166666666,0.7089172882322201,0.7573036910360553,-0.048386402803835216
Tagaytay (Neogan 2),C_hourly,874,1256.0,0.2318917484743964,0.6953062848050915,-0.46341453633069507
Tagaytay (Neogan),C_hourly,2532,2785.0,0.30301579703207276,0.908829863603733,-0.6058140665716603
Tivoli,C_hourly,2765,2840.0,0.32449243046590776,0.9732488560366068,-0.648756425570699
Unnamed (DNVBA1576 → AL739RG7),B_candidate,17000,6914.270833333333,0.7114346317007327,0.7567606652205351,-0.045326033519802356
Valenzuela,C_hourly,5941,8111.0,0.2441439960549026,0.7323717948717948,-0.4882277988168922
Valenzuela CENRO (ARCA North),B_candidate,12000,4852.213055555556,0.7069451123170983,0.7558211415619205,-0.04887602924482215
Valle1,C_hourly,2059,2138.0,0.32096648480124707,0.9625993454885461,-0.641632860687299
World Trade Center,B_candidate,15000,6265.903333333334,0.7119906373018406,0.7586977338014682,-0.046707096499627565
pasay city,C_hourly,121,1471.0,0.027412777526053467,0.08220108695652174,-0.05478830943046828
